{
    "accuracy": 0.7724137931034483,
    "precision": 0.7916666666666666,
    "recall": 0.6229508196721312,
    "f1_score": 0.6972477064220184,
    "auc": 0.8213309914129586
}